site:www.tecnalia.com ;site:www.tecnalia.com;0;0;0;2;2;6;0;0;0;0;0;0
site:www.inmr.com ;site:www.inmr.com;0;0;0;0;0;6;0;0;0;0;0;0
site:www.precise.co.th ;site:www.precise.co.th;0;0;0;0;0;1;0;0;0;0;0;0
site:www.vangem.com ;site:www.vangem.com;0;0;0;0;0;0;0;0;0;0;0;0
site:www.jsdgme.com ;site:www.jsdgme.com;0;0;0;0;0;0;0;0;0;1;0;0
site:www.lzdcrs.com ;site:www.lzdcrs.com;0;0;0;0;0;0;0;0;0;0;0;0
site:kingbow.com ;site:kingbow.com;0;0;0;0;0;0;0;0;0;0;0;0
site:www.crcc.org.cn ;site:www.crcc.org.cn;0;0;0;0;0;0;0;0;0;10;0;0
site:xdblq.xd.com.cn ;site:xdblq.xd.com.cn;0;0;0;0;0;0;0;0;0;1;0;0
site:ee.xjtu.edu.cn ;site:ee.xjtu.edu.cn;0;0;0;0;0;0;0;0;0;6;0;0
site:www.dikai.com.cn ;site:www.dikai.com.cn;0;0;0;0;0;0;0;0;0;7;0;0
site:www.shbst.com ;site:www.shbst.com;0;0;0;0;0;1;0;0;0;0;0;0
site:www.rstchina.com ;site:www.rstchina.com;0;0;0;0;0;0;0;0;0;0;0;0
site:rstchina.com ;site:rstchina.com;0;0;0;0;0;0;0;0;0;0;0;0
site:www.rogy.cn ;site:www.rogy.cn;0;0;0;0;0;0;0;0;0;1;0;0
site:www.airborne-em.com ;site:www.airborne-em.com;0;0;0;0;0;1;0;0;0;6;2;2
site:ahspd.com ;site:ahspd.com;0;0;0;0;0;0;0;0;0;1;0;0
site:cn.sungrowpower.com ;site:cn.sungrowpower.com;0;0;0;0;0;0;0;0;0;6;0;0
site:www.cqscdqc.com ;site:www.cqscdqc.com;0;0;0;0;0;0;0;0;0;0;0;0
site:www.lyspd.com ;site:www.lyspd.com;0;0;0;0;0;0;0;0;0;0;0;0
site:bjxh.crsc.cn ;site:bjxh.crsc.cn;0;0;0;0;0;0;0;0;0;2;0;0
site:www.dehn.cn ;site:www.dehn.cn;0;0;0;0;1;1;0;0;0;9;1;1
site:www.xihari.com ;site:www.xihari.com;0;0;0;0;0;0;0;0;0;10;0;0
site:www.spd-th.com ;site:www.spd-th.com;0;0;0;0;0;0;0;0;0;6;0;2
site:www.chint.net ;site:www.chint.net;0;0;0;0;0;2;0;0;0;8;0;0
site:www.yz-telecom.com ;site:www.yz-telecom.com;0;0;0;0;0;0;0;0;0;9;0;0
